{
  "startTime": 1753368105032,
  "totalBets": 2385,
  "wins": 128,
  "losses": 2257,
  "maxWinStreak": 4,
  "maxLossStreak": 101,
  "currentWinStreak": 0,
  "currentLossStreak": 42,
  "largestWin": 1091,
  "largestLoss": 118.18463024702655,
  "totalWagered": 16692.80106963171
}